{
  "geometrie": {
    "epaisseur_plaque": 0.009525,
    "epaisseur_asphalte" : 0.08,
    "epaisseur_ciment": 0.4,
    "epaisseur_isolant": 0.1,
    "longueur_puits": 26.1,
    "largeur_puits": 3.7,
    "hauteur_puits": 1.7,
    "scale_x": 0.815625,
    "scale_y": 0.925,
    "scale_z": 1,
    "p1_x": 5,
    "p2_x": 5,
    "p3_x": 5,
    "p4_x": 6,
    "p5_x": 6,
    "p6_x": 5,
    "pi_y": 4,
    "pi_z": 1.7,
    "A_ciment_p1": 35.2446875,
    "A_ciment_p2": 28.9546875,
    "A_ciment_p3": 28.9546875,
    "A_ciment_p4": 34.745625000000004,
    "A_ciment_p5": 34.745625000000004,
    "A_ciment_p6": 35.2446875,
    "A_plaque_p1": 15.0890625,
    "A_plaque_p2": 15.0890625,
    "A_plaque_p3": 15.0890625,
    "A_plaque_p4": 18.106875000000002,
    "A_plaque_p5": 18.106875000000002,
    "A_plaque_p6": 15.0890625
  },

  "proprietes": {
    "k_acier": 50,
    "k_ciment": 1.4,
    "k_isolant": 0.03,
    "k_asphalte": 0.8,
    "cp_air": 1000,
    "h_int": 15,
    "h_ext": 30,
    "rho_air": 1.2
  },


  "infiltration": {
    "gap_1": 0.04107,
    "gap_2": 0.01930,
    "gap_3": -0.06202,
    "gap_4": -0.0598,
    "gap_5": -0.03247,
    "gap_front": 0.04483,
    "gap_back": 0.02567
  },

  "flow_heaterON":{
    "f12": 0.2381,
    "f21": 0.4438,
    "f23": 0.3268,
    "f32": 0.7042,
    "f34": 0.2646,
    "f43": 0.5915,
    "f45": 0.1988,
    "f54": 0.2915,
    "f56": 0.4694,
    "f65": 0.4070
  },

    "flow_heaterOFF":{
    "f12": 0.04113,
    "f21": 0.06844,
    "f23": 0.0529,
    "f32": 0.09304,
    "f34": 0.05121,
    "f43": 0.10386,
    "f45": 0.04163,
    "f54": 0.08528,
    "f56": 0.03718,
    "f65": 0.05788
  },

  "chauffage":{
    "p1": 10000,
    "p2": 15000,
    "p3": 10000,
    "p4": 7500,
    "p5": 7500,
    "p6": 10000
  },

  
 "temperature_sol": {
  "T_mean": 2.0,
  "A": 0.5,
  "t0": 24.0,
  "phi": 15.0
},

  "temperature_exterieure": {
    "T_mean": -8,
    "A": 6,
    "t0": 24.0,
    "phi": 15.0
  },

  "capacitance_thermique": {
    "C1": 30781.6875,
    "C2": 30781.6875,
    "C3": 30781.6875,
    "C4": 36938.025,
    "C5": 36938.025,
    "C6": 30781.6875
}


}


